,uniqueTime
0,09:07:00
1,09:15:00
2,09:16:00
3,09:17:00
4,09:18:00
5,09:19:00
6,09:20:00
7,09:21:00
8,09:22:00
9,09:23:00
10,09:24:00
11,09:25:00
12,09:26:00
13,09:27:00
14,09:28:00
15,09:29:00
16,09:30:00
17,09:31:00
18,09:32:00
19,09:33:00
20,09:34:00
21,09:35:00
22,09:36:00
23,09:37:00
24,09:38:00
25,09:39:00
26,09:40:00
27,09:41:00
28,09:42:00
29,09:43:00
30,09:44:00
31,09:45:00
32,09:46:00
33,09:47:00
34,09:48:00
35,09:49:00
36,09:50:00
37,09:51:00
38,09:52:00
39,09:53:00
40,09:54:00
41,09:55:00
42,09:56:00
43,09:57:00
44,09:58:00
45,09:59:00
46,10:00:00
47,10:01:00
48,10:02:00
49,10:03:00
50,10:04:00
51,10:05:00
52,10:06:00
53,10:07:00
54,10:08:00
55,10:09:00
56,10:10:00
57,10:11:00
58,10:12:00
59,10:13:00
60,10:14:00
61,10:15:00
62,10:16:00
63,10:17:00
64,10:18:00
65,10:19:00
66,10:20:00
67,10:21:00
68,10:22:00
69,10:23:00
70,10:24:00
71,10:25:00
72,10:26:00
73,10:27:00
74,10:28:00
75,10:29:00
76,10:30:00
77,10:31:00
78,10:32:00
79,10:33:00
80,10:34:00
81,10:35:00
82,10:36:00
83,10:37:00
84,10:38:00
85,10:39:00
86,10:40:00
87,10:41:00
88,10:42:00
89,10:43:00
90,10:44:00
91,10:45:00
92,10:46:00
93,10:47:00
94,10:48:00
95,10:49:00
96,10:50:00
97,10:51:00
98,10:52:00
99,10:53:00
100,10:54:00
101,10:55:00
102,10:56:00
103,10:57:00
104,10:58:00
105,10:59:00
106,11:00:00
107,11:01:00
108,11:02:00
109,11:03:00
110,11:04:00
111,11:05:00
112,11:06:00
113,11:07:00
114,11:08:00
115,11:09:00
116,11:10:00
117,11:11:00
118,11:12:00
119,11:13:00
120,11:14:00
121,11:15:00
122,11:16:00
123,11:17:00
124,11:18:00
125,11:19:00
126,11:20:00
127,11:21:00
128,11:22:00
129,11:23:00
130,11:24:00
131,11:25:00
132,11:26:00
133,11:27:00
134,11:28:00
135,11:29:00
136,11:30:00
137,11:31:00
138,11:32:00
139,11:33:00
140,11:34:00
141,11:35:00
142,11:36:00
143,11:37:00
144,11:38:00
145,11:39:00
146,11:40:00
147,11:41:00
148,11:42:00
149,11:43:00
150,11:44:00
151,11:45:00
152,11:46:00
153,11:47:00
154,11:48:00
155,11:49:00
156,11:50:00
157,11:51:00
158,11:52:00
159,11:53:00
160,11:54:00
161,11:55:00
162,11:56:00
163,11:57:00
164,11:58:00
165,11:59:00
166,12:00:00
167,12:01:00
168,12:02:00
169,12:03:00
170,12:04:00
171,12:05:00
172,12:06:00
173,12:07:00
174,12:08:00
175,12:09:00
176,12:10:00
177,12:11:00
178,12:12:00
179,12:13:00
180,12:14:00
181,12:15:00
182,12:16:00
183,12:17:00
184,12:18:00
185,12:19:00
186,12:20:00
187,12:21:00
188,12:22:00
189,12:23:00
190,12:24:00
191,12:25:00
192,12:26:00
193,12:27:00
194,12:28:00
195,12:29:00
196,12:30:00
197,12:31:00
198,12:32:00
199,12:33:00
200,12:34:00
201,12:35:00
202,12:36:00
203,12:37:00
204,12:38:00
205,12:39:00
206,12:40:00
207,12:41:00
208,12:42:00
209,12:43:00
210,12:44:00
211,12:45:00
212,12:46:00
213,12:47:00
214,12:48:00
215,12:49:00
216,12:50:00
217,12:51:00
218,12:52:00
219,12:53:00
220,12:54:00
221,12:55:00
222,12:56:00
223,12:57:00
224,12:58:00
225,12:59:00
226,13:00:00
227,13:01:00
228,13:02:00
229,13:03:00
230,13:04:00
231,13:05:00
232,13:06:00
233,13:07:00
234,13:08:00
235,13:09:00
236,13:10:00
237,13:11:00
238,13:12:00
239,13:13:00
240,13:14:00
241,13:15:00
242,13:16:00
243,13:17:00
244,13:18:00
245,13:19:00
246,13:20:00
247,13:21:00
248,13:22:00
249,13:23:00
250,13:24:00
251,13:25:00
252,13:26:00
253,13:27:00
254,13:28:00
255,13:29:00
256,13:30:00
257,13:31:00
258,13:32:00
259,13:33:00
260,13:34:00
261,13:35:00
262,13:36:00
263,13:37:00
264,13:38:00
265,13:39:00
266,13:40:00
267,13:41:00
268,13:42:00
269,13:43:00
270,13:44:00
271,13:45:00
272,13:46:00
273,13:47:00
274,13:48:00
275,13:49:00
276,13:50:00
277,13:51:00
278,13:52:00
279,13:53:00
280,13:54:00
281,13:55:00
282,13:56:00
283,13:57:00
284,13:58:00
285,13:59:00
286,14:00:00
287,14:01:00
288,14:02:00
289,14:03:00
290,14:04:00
291,14:05:00
292,14:06:00
293,14:07:00
294,14:08:00
295,14:09:00
296,14:10:00
297,14:11:00
298,14:12:00
299,14:13:00
300,14:14:00
301,14:15:00
302,14:16:00
303,14:17:00
304,14:18:00
305,14:19:00
306,14:20:00
307,14:21:00
308,14:22:00
309,14:23:00
310,14:24:00
311,14:25:00
312,14:26:00
313,14:27:00
314,14:28:00
315,14:29:00
316,14:30:00
317,14:31:00
318,14:32:00
319,14:33:00
320,14:34:00
321,14:35:00
322,14:36:00
323,14:37:00
324,14:38:00
325,14:39:00
326,14:40:00
327,14:41:00
328,14:42:00
329,14:43:00
330,14:44:00
331,14:45:00
332,14:46:00
333,14:47:00
334,14:48:00
335,14:49:00
336,14:50:00
337,14:51:00
338,14:52:00
339,14:53:00
340,14:54:00
341,14:55:00
342,14:56:00
343,14:57:00
344,14:58:00
345,14:59:00
346,15:00:00
347,15:01:00
348,15:02:00
349,15:03:00
350,15:04:00
351,15:05:00
352,15:06:00
353,15:07:00
354,15:08:00
355,15:09:00
356,15:10:00
357,15:11:00
358,15:12:00
359,15:13:00
360,15:14:00
361,15:15:00
362,15:16:00
363,15:17:00
364,15:18:00
365,15:19:00
366,15:20:00
367,15:21:00
368,15:22:00
369,15:23:00
370,15:24:00
371,15:25:00
372,15:26:00
373,15:27:00
374,15:28:00
375,15:29:00
376,15:30:00
377,15:40:00
378,15:42:00
